,taskTopic,aspectTopic,aspectCount,totalCount,probability,n
0,0,0,1483,2339,0.6340316374519025,3
3,1,0,256,471,0.5435244161358811,3
5,1,2,180,471,0.3821656050955414,3
7,2,1,290,777,0.3732303732303732,3
8,2,2,268,777,0.34491634491634493,3
10,3,1,159,397,0.4005037783375315,3
12,4,0,96,151,0.6357615894039735,3
