,taskTopic,aspectTopic,aspectCount,totalCount,probability,n
0,0,0,1312,2356,0.5568760611205433,3
2,0,2,908,2356,0.3853989813242784,3
3,1,0,227,459,0.49455337690631807,3
5,1,2,198,459,0.43137254901960786,3
7,2,1,292,777,0.3758043758043758,3
10,3,1,152,383,0.3968668407310705,3
12,4,0,87,160,0.54375,3
14,4,2,55,160,0.34375,3
