,taskTopic,aspectTopic,aspectCount,count,probability,n
1,0,1,1848,5040,0.36666666666666664,4
5,1,1,1716,5119,0.33522172299277203,4
6,1,2,1367,5119,0.2670443445985544,4
9,2,1,312,840,0.37142857142857144,4
10,2,2,336,840,0.4,4
13,3,1,53,127,0.41732283464566927,4
14,3,2,53,127,0.41732283464566927,4
