,taskTopic,aspectTopic,aspectCount,totalCount,probability,n
1,0,1,1853,5058,0.3663503361012258,4
4,1,0,1350,5097,0.26486168334314303,4
5,1,1,1710,5097,0.33549146556798115,4
6,1,2,1361,5097,0.26701981557779086,4
9,2,1,313,844,0.3708530805687204,4
10,2,2,347,844,0.41113744075829384,4
13,3,1,53,127,0.41732283464566927,4
14,3,2,53,127,0.41732283464566927,4
